User_name,Email
sarasmith,morrisonchristian@example.net
lindseybaker,meganbailey@example.net
dannywalker,racosta@example.com
donalddaugherty,jobrien@example.com
deananne,vcarroll@example.net
jeanette87,velasquezmallory@example.com
rachelcole,brandon05@example.org
deanbarrera,bscott@example.net
terrykathy,gallegosvicki@example.com
brookswilliam,qrice@example.com
michealfrye,alex64@example.com
bmann,laneanthony@example.com
edwin80,gabrielavaughn@example.com
umann,ericphillips@example.com
perkinsdavid,wraymond@example.org
ricardo14,paul65@example.com
brenda66,joshua75@example.com
crystalpatterson,moodytracy@example.net
james57,smallmichelle@example.org
mcneilpatrick,qfrench@example.org
thomashall,bguzman@example.net
briangutierrez,xfreeman@example.org
louis95,danielryan@example.org
ostone,fibarra@example.com
kathy09,anthonybutler@example.net
melissa55,ycole@example.org
umorrison,robertstaylor@example.net
nealjane,kimberlyblack@example.net
murraycorey,porterkristina@example.com
whunt,michaelpowers@example.org
cpeterson,woodsteven@example.com
wyattjason,bmckee@example.com
lnunez,julie79@example.net
christophercosta,crosales@example.com
josepierce,mday@example.org
zmendoza,benjaminmckenzie@example.org
georgelauren,stephanie09@example.net
woodkayla,dsosa@example.net
campbelldonald,taylorbarbara@example.org
erichardson,zacharypowell@example.org
nicholasfrederick,murillojose@example.org
thomasshannon,brandistone@example.org
frank20,jenniferrodriguez@example.com
stevenwells,kaitlyn81@example.org
thawkins,oconnorjeremy@example.org
murrayandrew,steelepatrick@example.net
lgoodwin,diazbrianna@example.org
alopez,davisalexa@example.org
harrellandrea,jackpace@example.net
kcohen,frederickwhite@example.com
